Level,Image,Horizontal,Vertical
1,res://assets/im4.jpg,2,2
2,res://assets/im9.jpg,2,2
3,res://assets/im2.jpg,1,5
4,res://assets/im8.jpg,5,1
5,res://assets/im6.jpg,2,3
6,res://assets/im1.jpg,3,2
7,res://assets/im7.jpg,2,4
8,res://assets/im10.jpg,4,2
9,res://assets/im3.jpg,3,3
10,res://assets/im8.jpg,3,3
11,res://assets/im5.jpg,2,5
12,res://assets/im7.jpg,4,3
13,res://assets/im3.jpg,3,5
14,res://assets/im2.jpg,4,4
15,res://assets/im4.jpg,4,4
16,res://assets/im5.jpg,4,5
17,res://assets/im1.jpg,5,4
18,res://assets/im9.jpg,5,5
19,res://assets/im6.jpg,5,5
20,res://assets/im10.jpg,5,5
